,Word,Frequency
0,â€™,6062
1,like,1956
2,said,1906
3,told,1678
4,would,1590
5,get,1486
6,time,1463
7,im,1356
8,really,1290
9,one,1272
10,got,1184
11,want,1151
12,know,1109
13,dont,1094
14,go,1005
15,friend,933
16,think,901
17,friends,889
18,back,886
19,going,880
20,people,878
21,asked,870
22,even,855
23,didnt,838
24,also,825
25,family,815
26,could,775
27,since,739
28,feel,726
29,work,712
30,years,709
31,us,691
32,year,682
33,day,676
34,still,668
35,home,641
36,mom,627
37,make,626
38,something,623
39,see,611
40,went,607
41,never,606
42,much,597
43,asshole,596
44,things,589
45,wanted,567
46,say,564
47,first,561
48,house,561
49,parents,528
